modelo,wmae
Blend óptimo (w_lgb=0.60),1802.3308718864243
Blend 50/50,1803.8281123920754
LightGBM,1822.4043146927406
XGBoost,1846.8109109911459
